<?xml version="1.0"?>
<!--
/**
 * BSS Commerce Co.
 *
 * NOTICE OF LICENSE
 *
 * This source file is subject to the EULA
 * that is bundled with this package in the file LICENSE.txt.
 * It is also available through the world-wide-web at this URL:
 * http://bsscommerce.com/Bss-Commerce-License.txt
 *
 * @category   BSS
 * @package    Bss_CompanyAccountGraphQl
 * @author     Extension Team
 * @copyright  Copyright (c) 2021 BSS Commerce Co. ( http://bsscommerce.com )
 * @license    http://bsscommerce.com/Bss-Commerce-License.txt
 */
-->
<config xmlns:xsi="http://www.w3.org/2001/XMLSchema-instance"
        xsi:noNamespaceSchemaLocation="urn:magento:framework:Module/etc/module.xsd">
    <module name="Bss_CompanyAccountGraphQl" setup_version="1.0.0">
        <sequence>
            <module name="Magento_Webapi"/>
            <module name="Magento_GraphQl"/>
            <module name="Magento_QuoteGraphQl"/>
            <module name="Magento_CustomerGraphQl"/>
            <module name="Magento_Authorization"/>
            <module name="Bss_CompanyAccount"/>
        </sequence>
    </module>
</config>
