<?xml version="1.0"?>
<config xmlns:xsi="http://www.w3.org/2001/XMLSchema-instance" xsi:noNamespaceSchemaLocation="urn:magento:framework:Acl/etc/acl.xsd">
    <acl>
        <resources>
            <resource id="Magento_Backend::admin" title="Magento Admin" translate="title" sortOrder="20">
                <resource id="Magento_Backend::system" title="System" translate="title" sortOrder="90">
                    <resource id="Magento_Backend::tools" title="Tools" translate="title" sortOrder="50">
                        <resource id="EthanYehuda_CronjobManager::cronjobmanager" title="Cron Job Management" translate="title"  sortOrder="10" />
                    </resource>
                </resource>
            </resource>
        </resources>
    </acl>
</config>
