<?xml version="1.0" encoding="UTF-8"?>
<config xmlns:xsi="http://www.w3.org/2001/XMLSchema-instance" xsi:noNamespaceSchemaLocation="urn:magento:framework:ObjectManager/etc/config.xsd">
    <preference for="Magento\Ui\Component\Filters" type="EthanYehuda\CronjobManager\Ui\Component\Filters" />

    <type name="Magento\Framework\Notification\MessageList">
        <arguments>
            <argument name="messages" xsi:type="array">
                <item name="cronjobmanager_recently_run" xsi:type="string">
                    EthanYehuda\CronjobManager\Model\System\Message\CronNotRunning
                </item>
            </argument>
        </arguments>
    </type>
</config>
