<?xml version="1.0" encoding="UTF-8"?>
<!--
/**
 * BSS Commerce Co.
 *
 * NOTICE OF LICENSE
 *
 * This source file is subject to the EULA
 * that is bundled with this package in the file LICENSE.txt.
 * It is also available through the world-wide-web at this URL:
 * http://bsscommerce.com/Bss-Commerce-License.txt
 *
 * @category   BSS
 * @package    Bss_CompanyAccount
 * @author     Extension Team
 * @copyright  Copyright (c) 2020 BSS Commerce Co. ( http://bsscommerce.com )
 * @license    http://bsscommerce.com/Bss-Commerce-License.txt
 */
-->
<config xmlns:xsi="http://www.w3.org/2001/XMLSchema-instance" xsi:noNamespaceSchemaLocation="urn:magento:framework:Event/etc/events.xsd">
    <event name="layout_generate_blocks_after">
        <observer name="bss_companyaccount_layout_generate_blocks_after" instance="Bss\CompanyAccount\Observer\AfterGenerateLayoutBlocks"/>
    </event>
    <event name="layout_load_before">
        <observer name="bss_companyaccount_customer_dashboard_permissions_layout_render" instance="Bss\CompanyAccount\Observer\CustomerDashboard"/>
    </event>
    <event name="controller_action_predispatch">
        <observer name="bss_companyaccount_disable_checkout"
                  instance="Bss\CompanyAccount\Observer\ActionMiddleware"/>
    </event>
</config>
